id;name;start_date;end_date;jhi_limit
1;solution-oriented contingency methodologies;2023-03-14T01:30:03;2023-03-14T10:26:04;44602
2;Consultant Passage Executive;2023-03-13T22:44:13;2023-03-14T12:31:51;48607
3;installation neural Intelligent;2023-03-14T03:58:50;2023-03-14T07:18:37;1281
4;index Streamlined HTTP;2023-03-14T01:24:20;2023-03-13T23:44:13;66579
5;compress;2023-03-14T03:28:34;2023-03-14T12:52:37;58995
6;Steel support Marketing;2023-03-14T03:13:05;2023-03-13T19:21:01;48721
7;attitude e-tailers;2023-03-14T08:49:19;2023-03-14T09:56:37;89780
8;Managed microchip transparent;2023-03-13T21:17:34;2023-03-13T23:31:11;60171
9;generate Coordinator Ville;2023-03-13T17:42:35;2023-03-14T02:51:53;82185
10;Kip;2023-03-13T19:00:22;2023-03-14T04:31:40;95797
